dreamfindershomes.com,True
healthequity.com,True
americanexpress.com,True
heritagecommercecorp.com,True
fbin.com,True
aurabiosciences.com,True
rushenterprises.com,True
mineralystx.com,True
medtronic.com,True
ashland.com,True
metlife.com,True
concentrix.com,True
oxy.com,True
globusmedical.com,True
sbasite.com,True
digimarc.com,True
heico.com,True
fsbwa.com,True
olema.com,True
cummins.com,True
plmr.com,True
cargurus.com,True
amcnetworks.com,True
bakkt.com,True
fcbanking.com,True
xperi.com,True
silarealtytrust.com,True
edison.com,True
poolcorp.com,True
mannkindcorp.com,True
magnite.com,True
beyondmeat.com,True
keurigdrpepper.com,True
airproducts.com,True
voyagertechnologies.com,True
bowman.com,True
schrodinger.com,True
ollies.com,True
hanover.com,True
centene.com,True
skillsoft.com,True
suncoke.com,True
i3verticals.com,True
on24.com,True
blend.com,True
nvrinc.com,True
colony.bank,True
aligntech.com,True
sci-corp.com,True
ropertech.com,True
vtube.id,False
kingston.com,False
raleighneurology.com,False
punishworld.com,False
desertsun.com,False
compositesworld.com,False
colorlib.com,False
gofasthost.com,False
loganfuneralhomes.com,False
vipjalsat.com,False
faithassistant.com,False
rubberstampwarehouse.com,False
limeiscreative.com,False
daffodil-bd.com,False
yonobusiness.sbi,False
yadvashem.org,False
tradeindia.com,False
poshmark.com,False
tvguide.com,False
uhnd.com,False
startupstockphotos.com,False
utu.fi,False
pocketcasts.com,False
craigslist.org,False
themerex.net,False
bureauportal.com,False
pridecentricresources.com,False
siomaiking.ph,False
politicopro.com,False
agricover.com,False
iccsafe.org,False
mindtools.com,False
hotmart.com,False
copele.com,False
learnpar.com,False
bigcommerce.com,False
uci.edu,False
kengarff.com,False
techadvisor.com,False
atera.com,False
getreading.co.uk,False
fumico.net,False
santasabina.ie,False
alcoholchange.org.uk,False
stocktwits.com,False
cocotique.com,False
moijoburg.co.za,False
quark.com,False
organicdesign.nz,False
continence.org.au,False
